"";"MXP001691213";"FR0000120503";"GB0030913577";"KYG217651051";"DE0005557508";"NL0000009082";"GB00B8W67662";"ZAE000042164";"FR0000133308";"BE0003810273";"IT0003497168";"ES0178430E18";"GB00B0SWJX34";"NO0010063308";"SE0000667925";"FR0000127771";"GB00BH4HKS39"
"DE_2B76.csv";0;0;0;0;0;0;0;0;0;0;0;0;0;0;0;0;0
"DE_2B7A.csv";0;0;0;0;0;0;0;0;0;0;0;0;0;0;0;0;0
"DE_2B7B.csv";0;0;0;0;0;0;0;0;0;0;0;0;0;0;0;0;0
"DE_2B7C.csv";0;0;0;0;0;0;0;0;0;0;0;0;0;0;0;0;0
"DE_2B7D.csv";0;0;0;0;0;0;0;0;0;0;0;0;0;0;0;0;0
"DE_2B7K.csv";0;0;0;0;0;0;1;0;1;0;0;0;1;1;1;0;0
"DE_36BZ.csv";0;0;0;0;0;0;0;0;0;0;0;0;0;0;0;0;0
"DE_4BRZ.csv";0;0;0;0;0;0;0;0;0;0;0;0;0;0;0;0;0
"DE_5MVL.csv";0;0;0;0;0;0;0;0;0;0;0;0;0;0;0;0;0
"DE_AGED.csv";0;0;0;0;0;0;0;0;0;0;0;0;0;0;0;0;0
"DE_AYEM.csv";1;0;0;0;0;0;0;1;0;0;0;0;0;0;0;0;0
"DE_BTEC.csv";0;0;0;0;0;0;0;0;0;0;0;0;0;0;0;0;0
"DE_CEBB.csv";0;0;0;0;0;0;0;0;0;0;0;0;0;0;0;0;0
"DE_CEBG.csv";1;0;0;0;0;0;0;0;0;0;0;0;0;0;0;0;0
"DE_CEBL.csv";0;0;0;0;0;0;0;0;0;0;0;0;0;0;0;0;0
"DE_CEBP.csv";0;1;0;0;1;1;0;0;1;1;1;1;0;0;0;1;0
"DE_CEM2.csv";0;0;0;0;0;0;0;0;0;0;0;0;0;0;0;0;0
"DE_CEMG.csv";1;0;0;1;0;0;0;1;0;0;0;0;0;1;0;0;0
"DE_CEMQ.csv";0;0;1;0;0;0;0;0;0;1;0;0;1;0;0;0;0
"DE_CEMR.csv";0;0;0;0;0;0;0;0;0;0;0;0;1;0;0;1;0
"DE_CEMS.csv";0;1;1;0;0;0;0;0;1;0;1;1;0;0;1;0;1
"DE_CEMT.csv";0;0;0;0;0;1;0;0;0;1;1;0;1;0;0;0;0
"DE_CSKR.csv";0;0;0;0;0;0;0;0;0;0;0;0;0;0;0;0;0
"DE_DAXEX.csv";0;0;0;0;1;0;0;0;0;0;0;0;0;0;0;0;0
"DE_DGTL.csv";0;0;0;0;0;0;0;0;0;0;0;0;0;0;0;0;0
"DE_EDMF.csv";0;1;0;0;0;0;0;0;0;1;0;0;0;0;0;0;0
"DE_EEDS.csv";0;0;0;0;0;0;1;0;0;0;0;0;0;0;0;0;0
"DE_EEJD.csv";0;0;0;0;0;0;0;0;0;0;0;0;0;0;0;0;0
"DE_EEUD.csv";0;1;1;0;1;1;0;0;1;1;1;1;1;1;1;1;1
"DE_EEWD.csv";0;1;1;1;1;1;1;0;1;1;1;1;1;1;1;1;1
"DE_EMUD.csv";0;1;0;0;1;1;0;0;1;1;1;1;0;0;0;1;0
"DE_EUMD.csv";0;0;0;0;0;1;0;0;0;1;1;0;1;0;0;0;0
"DE_EUN0.csv";0;0;1;0;1;1;0;0;1;1;0;1;0;1;1;0;1
"DE_EUN1.csv";0;0;0;0;1;0;0;0;0;0;0;0;0;0;0;0;1
"DE_EUN2.csv";0;0;0;0;1;0;0;0;1;0;0;1;0;0;0;1;0
"DE_EUNI.csv";0;0;0;0;0;0;0;0;0;0;0;0;0;0;0;0;0
"DE_EUNJ.csv";0;0;0;1;0;0;0;0;0;0;0;0;0;0;0;0;0
"DE_EUNK.csv";0;1;1;0;1;1;0;0;1;1;1;1;1;1;1;1;1
"DE_EUNL.csv";0;1;1;1;1;1;1;0;1;1;1;1;1;1;1;1;1
"DE_EUNM.csv";1;0;0;0;0;0;0;1;0;0;0;0;0;0;0;0;0
"DE_EUNN.csv";0;0;0;0;0;0;0;0;0;0;0;0;0;0;0;0;0
"DE_EUNY.csv";0;0;0;0;0;0;0;1;0;0;0;0;0;0;0;0;0
"DE_EUNZ.csv";0;0;0;0;0;0;0;0;0;0;0;0;0;0;0;0;0
"DE_EXH1.csv";0;0;0;0;0;0;0;0;0;0;0;0;0;0;0;0;0
"DE_EXH2.csv";0;0;0;0;0;0;0;0;0;0;0;0;1;0;0;0;0
"DE_EXH3.csv";0;0;0;0;0;0;0;0;0;0;0;0;0;0;0;0;0
"DE_EXH4.csv";0;0;0;0;0;0;0;0;0;0;0;0;0;0;0;0;0
"DE_EXH5.csv";0;0;0;0;0;0;0;0;0;0;0;0;0;0;0;0;0
"DE_EXH6.csv";0;0;0;0;0;0;0;0;0;0;0;0;0;0;0;1;0
"DE_EXH7.csv";0;0;0;0;0;0;0;0;0;0;0;0;0;0;0;0;0
"DE_EXH8.csv";0;0;0;0;0;0;0;0;0;0;0;0;0;0;0;0;0
"DE_EXH9.csv";0;0;0;0;0;0;0;0;0;0;0;0;0;0;0;0;0
"DE_EXI1.csv";0;0;0;0;0;0;0;0;0;0;0;0;0;0;0;0;0
"DE_EXI2.csv";0;0;0;0;0;0;0;0;0;0;0;0;0;0;0;0;0
"DE_EXI3.csv";0;0;0;0;0;0;0;0;0;0;0;0;0;0;0;0;0
"DE_EXS2.csv";0;0;0;0;1;0;0;0;0;0;0;0;0;0;0;0;0
"DE_EXS3.csv";0;0;0;0;0;0;0;0;0;0;0;0;0;0;0;0;0
"DE_EXSA.csv";0;1;1;0;1;1;0;0;1;1;1;1;1;1;1;1;1
"DE_EXSB.csv";0;0;0;0;1;0;0;0;0;0;0;0;0;0;0;0;0
"DE_EXSC.csv";0;1;1;0;1;0;0;0;1;0;0;1;1;1;1;1;1
"DE_EXSD.csv";0;0;0;0;0;1;0;0;0;1;1;0;0;0;0;0;0
"DE_EXSE.csv";0;0;0;0;0;0;0;0;0;0;0;0;0;0;0;0;0
"DE_EXSG.csv";0;0;0;0;0;0;0;0;1;1;0;0;0;0;0;0;0
"DE_EXSH.csv";0;0;0;0;0;0;0;0;0;1;0;0;0;0;0;0;0
"DE_EXSI.csv";0;1;0;0;1;1;0;0;1;1;1;1;0;0;0;1;0
"DE_EXV1.csv";0;0;0;0;0;0;0;0;0;0;0;0;0;0;0;0;0
"DE_EXV2.csv";0;0;1;0;1;1;0;0;1;1;1;1;0;1;1;0;1
"DE_EXV3.csv";0;0;0;0;0;0;0;0;0;0;0;0;0;0;0;0;0
"DE_EXV4.csv";0;0;0;0;0;0;0;0;0;0;0;0;0;0;0;0;0
"DE_EXV5.csv";0;0;0;0;0;0;0;0;0;0;0;0;0;0;0;0;0
"DE_EXV6.csv";0;0;0;0;0;0;0;0;0;0;0;0;0;0;0;0;0
"DE_EXV7.csv";0;0;0;0;0;0;0;0;0;0;0;0;0;0;0;0;0
"DE_EXV8.csv";0;1;0;0;0;0;0;0;0;0;0;0;0;0;0;0;0
"DE_EXV9.csv";0;0;0;0;0;0;0;0;0;0;0;0;0;0;0;0;0
"DE_EXW1.csv";0;0;0;0;1;0;0;0;1;0;0;1;0;0;0;1;0
"DE_EXW3.csv";0;0;0;0;1;0;0;0;0;0;0;0;0;0;0;0;1
"DE_EXX1.csv";0;0;0;0;0;0;0;0;0;0;0;0;0;0;0;0;0
"DE_EXX2.csv";0;0;0;0;1;1;0;0;1;1;1;1;0;0;0;0;0
"DE_EXX5.csv";0;0;0;0;0;0;0;0;0;0;0;0;0;0;0;0;0
"DE_EXX7.csv";0;0;0;0;0;0;0;0;0;0;0;0;0;0;0;0;0
"DE_EXXT.csv";0;0;0;0;0;0;1;0;0;0;0;0;0;0;0;0;0
"DE_EXXU.csv";0;0;0;0;0;0;0;0;0;0;0;0;0;0;0;0;0
"DE_EXXV.csv";0;0;0;0;0;0;0;0;0;0;0;0;0;0;0;0;0
"DE_EXXW.csv";0;0;0;0;0;0;0;0;0;0;0;0;0;0;0;0;0
"DE_EXXX.csv";0;0;0;0;0;0;0;0;0;0;0;0;0;0;0;0;0
"DE_HEAL.csv";0;0;0;0;0;0;0;0;0;0;0;0;0;0;0;0;0
"DE_IAEX.csv";0;0;0;0;0;1;0;0;0;0;0;0;0;0;0;0;0
"DE_IBC0.csv";0;0;0;0;0;0;0;0;0;1;0;0;0;0;0;0;0
"DE_IBC4.csv";0;0;0;0;0;0;0;1;0;0;0;0;0;0;0;0;0
"DE_IBC6.csv";0;0;0;0;0;0;0;0;0;0;0;0;0;0;0;0;0
"DE_IBCF.csv";0;0;0;0;0;0;0;0;0;0;0;0;0;0;0;0;0
"DE_IBCG.csv";0;0;0;0;0;0;0;0;0;0;0;0;0;0;0;0;0
"DE_IBCH.csv";0;1;1;1;1;1;1;0;1;1;1;1;1;1;1;1;1
"DE_IBCJ.csv";0;0;0;0;0;0;0;0;0;0;0;0;0;0;0;0;0
"DE_IBCK.csv";0;0;0;0;0;0;0;0;0;0;0;0;0;0;0;0;0
"DE_IBCY.csv";0;0;0;0;0;0;0;0;0;0;0;0;0;0;0;0;0
"DE_IBCZ.csv";0;0;0;0;0;0;0;0;0;1;0;0;0;0;0;0;0
"DE_ICGA.csv";0;0;0;0;0;0;0;0;0;0;0;0;0;0;0;0;0
"DE_IEVD.csv";0;0;0;0;0;0;0;0;0;0;0;0;0;0;0;0;0
"DE_IFRE.csv";0;1;0;0;0;0;0;0;1;0;0;0;0;0;0;1;0
"DE_IGWD.csv";0;1;1;1;1;1;1;0;1;1;1;1;1;1;1;1;1
"DE_IJPC.csv";0;0;0;0;0;0;0;0;0;0;0;0;0;0;0;0;0
"DE_IJPD.csv";0;0;0;0;0;0;0;0;0;0;0;0;0;0;0;0;0
"DE_IMIB.csv";0;0;0;0;0;0;0;0;0;0;1;0;0;0;0;0;0
"DE_IPIR.csv";0;0;0;0;0;0;0;0;0;0;0;0;0;0;0;0;0
"DE_IQQ0.csv";0;0;1;1;1;0;0;0;1;1;0;0;0;1;1;0;1
"DE_IQQ5.csv";0;0;0;0;0;0;0;0;0;0;0;0;0;0;0;0;0
"DE_IQQ9.csv";0;0;0;0;0;0;0;0;0;0;0;0;0;0;0;0;0
"DE_IQQA.csv";0;0;0;0;0;0;0;0;1;1;0;0;0;0;0;0;0
"DE_IQQB.csv";0;0;0;0;0;0;0;0;0;0;0;0;0;0;0;0;0
"DE_IQQC.csv";0;0;0;0;0;0;0;0;0;0;0;0;0;0;0;0;0
"DE_IQQD.csv";0;0;1;0;0;0;0;0;0;0;0;0;0;0;0;0;1
"DE_IQQE.csv";1;0;0;0;0;0;0;1;0;0;0;0;0;0;0;0;0
"DE_IQQF.csv";0;0;0;1;0;0;0;0;0;0;0;0;0;0;0;0;0
"DE_IQQG.csv";0;0;0;0;0;1;0;0;0;0;1;0;0;0;0;1;0
"DE_IQQH.csv";0;0;0;0;0;0;0;0;0;0;0;0;0;0;0;0;0
"DE_IQQI.csv";0;0;0;0;0;0;0;0;0;0;0;0;0;0;0;0;0
"DE_IQQJ.csv";0;0;0;0;0;0;0;0;0;0;0;0;0;0;0;0;0
"DE_IQQK.csv";0;0;0;0;0;0;0;0;0;0;0;0;0;0;0;0;0
"DE_IQQL.csv";0;0;0;0;0;0;0;0;0;0;0;0;0;0;0;0;0
"DE_IQQM.csv";0;0;0;0;0;1;0;0;0;1;1;0;0;0;0;0;0
"DE_IQQN.csv";0;0;0;0;0;0;1;0;0;0;0;0;0;0;0;0;0
"DE_IQQQ.csv";0;0;0;0;0;0;0;0;0;0;0;0;0;0;0;0;0
"DE_IQQR.csv";0;0;0;0;0;0;0;0;0;0;0;0;0;0;0;0;0
"DE_IQQS.csv";0;0;0;0;0;0;0;0;0;0;0;0;0;0;0;0;0
"DE_IQQT.csv";0;0;0;0;0;0;0;0;0;0;0;0;0;0;0;0;0
"DE_IQQU.csv";0;1;0;0;1;1;0;0;1;1;1;1;0;1;1;1;0
"DE_IQQV.csv";0;1;0;0;0;0;0;0;0;0;0;1;0;0;0;0;0
"DE_IQQW.csv";0;1;1;1;1;1;1;0;1;1;1;1;1;1;1;1;1
"DE_IQQX.csv";0;0;0;0;0;0;0;0;0;0;0;0;0;0;0;0;0
"DE_IQQY.csv";0;1;1;0;1;1;0;0;1;1;1;1;1;1;1;1;1
"DE_IS0D.csv";0;0;0;0;0;0;0;0;0;0;0;0;0;0;0;0;0
"DE_IS0E.csv";0;0;0;0;0;0;0;0;0;0;0;0;0;0;0;0;0
"DE_IS3G.csv";0;1;0;0;1;0;0;0;1;0;0;1;0;0;0;1;0
"DE_IS3H.csv";0;0;0;0;0;1;0;0;0;1;1;0;0;0;0;0;0
"DE_IS3N.csv";1;0;0;0;0;0;0;1;0;0;0;0;0;0;0;0;0
"DE_IS3Q.csv";0;0;1;0;0;0;0;0;0;1;0;0;1;0;0;0;0
"DE_IS3R.csv";0;0;0;0;0;0;0;0;0;0;0;0;1;0;0;1;0
"DE_IS3S.csv";0;1;1;1;0;0;0;0;1;0;1;1;0;0;0;0;1
"DE_IS3T.csv";0;0;0;0;0;1;0;0;0;1;1;0;1;0;0;0;0
"DE_ISDE.csv";0;0;0;0;0;0;0;0;0;0;0;0;0;0;0;0;0
"DE_ISFE.csv";0;0;0;0;0;0;0;0;0;0;0;0;0;0;0;0;0
"DE_ISPA.csv";0;0;0;0;0;0;0;0;0;1;0;0;0;0;0;0;0
"DE_ISUS.csv";0;0;0;0;0;0;0;0;0;0;0;0;0;0;0;0;0
"DE_ISWD.csv";0;0;0;0;0;0;0;0;0;0;0;0;0;0;0;0;0
"DE_IUCM.csv";0;0;0;0;0;0;0;0;0;0;0;0;0;0;0;0;0
"DE_IUS2.csv";0;0;0;0;0;0;0;0;0;0;0;0;0;0;0;0;0
"DE_IUS3.csv";0;0;0;0;0;0;0;0;0;0;0;0;0;0;0;0;0
"DE_IUS4.csv";0;0;0;0;0;0;0;0;0;0;0;0;0;0;0;0;0
"DE_IUS8.csv";0;0;0;0;0;0;0;0;0;0;0;0;0;0;0;0;0
"DE_IUSA.csv";0;0;0;0;0;0;0;0;0;0;0;0;0;0;0;0;0
"DE_IUSC.csv";1;0;0;0;0;0;0;0;0;0;0;0;0;0;0;0;0
"DE_IUSK.csv";0;0;0;0;0;0;0;0;1;0;0;0;1;1;1;0;0
"DE_IUSL.csv";0;0;0;0;0;0;0;0;0;0;0;0;1;0;0;0;0
"DE_IUSN.csv";0;0;0;0;0;0;0;0;0;0;0;0;0;0;0;0;0
"DE_IUSQ.csv";1;1;1;1;1;1;0;1;1;1;1;1;1;1;1;1;1
"DE_IUSR.csv";0;0;0;0;1;0;0;0;1;0;0;1;0;0;0;1;0
"DE_IUSS.csv";0;0;0;0;0;0;0;0;0;0;0;0;0;0;0;0;0
"DE_IUSZ.csv";0;0;1;0;0;0;0;0;0;0;0;0;1;0;0;0;1
"DE_LOCK.csv";0;0;0;0;0;0;0;0;0;0;0;0;0;0;0;0;0
"DE_MIDD.csv";0;0;0;0;0;0;0;0;0;0;0;0;0;0;0;0;0
"DE_NDIA.csv";0;0;0;0;0;0;0;0;0;0;0;0;0;0;0;0;0
"DE_OM3X.csv";0;0;0;0;0;0;0;0;0;0;0;0;0;0;1;0;0
"DE_OPEN.csv";0;0;0;0;1;0;0;0;0;0;1;0;0;0;0;0;1
"DE_QDVA.csv";0;0;0;0;0;0;0;0;0;0;0;0;0;0;0;0;0
"DE_QDVB.csv";0;0;0;0;0;0;0;0;0;0;0;0;0;0;0;0;0
"DE_QDVC.csv";0;0;0;0;0;0;0;0;0;0;0;0;0;0;0;0;0
"DE_QDVD.csv";0;0;0;0;0;0;0;0;0;0;0;0;0;0;0;0;0
"DE_QDVE.csv";0;0;0;0;0;0;0;0;0;0;0;0;0;0;0;0;0
"DE_QDVF.csv";0;0;0;0;0;0;0;0;0;0;0;0;0;0;0;0;0
"DE_QDVG.csv";0;0;0;0;0;0;0;0;0;0;0;0;0;0;0;0;0
"DE_QDVH.csv";0;0;0;0;0;0;0;0;0;0;0;0;0;0;0;0;0
"DE_QDVI.csv";0;0;0;0;0;0;0;0;0;0;0;0;0;0;0;0;0
"DE_QDVK.csv";0;0;0;0;0;0;0;0;0;0;0;0;0;0;0;0;0
"DE_QDVM.csv";0;0;0;0;0;0;0;0;0;0;0;0;0;0;0;0;0
"DE_QDVN.csv";0;0;0;0;0;0;0;0;0;0;0;0;0;0;0;0;0
"DE_QDVR.csv";0;0;0;0;0;0;1;0;0;0;0;0;0;0;0;0;0
"DE_QDVS.csv";0;0;0;0;0;0;0;1;0;0;0;0;0;0;0;0;0
"DE_QDVW.csv";0;1;1;1;0;0;0;0;0;1;0;0;0;1;0;0;1
"DE_QDVX.csv";0;1;1;0;0;0;0;0;0;1;0;0;0;1;0;0;0
"DE_SGAJ.csv";0;0;0;0;0;0;0;0;0;0;0;0;0;0;0;0;0
"DE_SGAS.csv";0;0;0;0;0;0;1;0;0;0;0;0;0;0;0;0;0
"DE_SLMA.csv";0;1;0;0;1;1;0;0;1;1;1;1;0;0;0;1;0
"DE_SLMC.csv";0;1;1;0;1;1;0;0;1;1;1;1;1;1;1;1;1
"DE_SNAW.csv";0;1;1;1;1;1;1;0;1;1;1;1;1;1;1;1;1
"DE_SPAG.csv";0;0;0;0;0;0;0;0;0;0;0;0;0;0;0;0;0
"DE_SXR1.csv";0;0;0;1;0;0;0;0;0;0;0;0;0;0;0;0;0
"DE_SXR2.csv";0;0;0;0;0;0;0;0;0;0;0;0;0;0;0;0;0
"DE_SXR3.csv";0;0;1;0;0;0;0;0;0;0;0;0;1;0;0;0;1
"DE_SXR4.csv";0;0;0;0;0;0;1;0;0;0;0;0;0;0;0;0;0
"DE_SXR5.csv";0;0;0;0;0;0;0;0;0;0;0;0;0;0;0;0;0
"DE_SXR6.csv";0;0;0;0;0;0;0;0;0;0;0;0;0;0;0;0;0
"DE_SXR7.csv";0;1;0;0;1;1;0;0;1;1;1;1;0;0;0;1;0
"DE_SXR8.csv";0;0;0;0;0;0;0;0;0;0;0;0;0;0;0;0;0
"DE_SXRD.csv";0;0;0;0;0;0;0;0;0;0;0;0;0;0;0;0;0
"DE_SXRG.csv";0;0;0;0;0;0;0;0;0;0;0;0;0;0;0;0;0
"DE_SXRJ.csv";0;0;0;0;0;0;0;0;0;0;0;0;0;0;0;0;0
"DE_SXRT.csv";0;0;0;0;1;0;0;0;1;0;0;1;0;0;0;1;0
"DE_SXRU.csv";0;0;0;0;0;0;0;0;0;0;0;0;0;0;0;0;0
"DE_SXRV.csv";0;0;0;0;0;0;1;0;0;0;0;0;0;0;0;0;0
"DE_SXRW.csv";0;0;1;0;0;0;0;0;0;0;0;0;1;0;0;0;1
"DE_SXRY.csv";0;0;0;0;0;0;0;0;0;0;1;0;0;0;0;0;0
"DE_SXRZ.csv";0;0;0;0;0;0;0;0;0;0;0;0;0;0;0;0;0
"DE_WOOD.csv";0;0;0;0;0;0;0;0;0;0;0;0;0;0;0;0;0
"US_AAXJ.csv";0;0;0;1;0;0;0;0;0;0;0;0;0;0;0;0;0
"US_ACWF.csv";0;0;0;0;0;0;0;0;0;1;0;0;0;0;0;0;0
"US_ACWI.csv";1;1;1;1;1;1;1;1;1;0;1;1;1;1;1;1;1
"US_ACWV.csv";0;0;0;0;1;0;0;0;1;1;0;0;0;1;1;0;0
"US_ACWX.csv";1;1;1;1;1;1;0;1;1;0;1;1;1;1;1;1;1
"US_AGT.csv";0;0;0;0;0;0;0;0;0;0;0;0;0;0;0;0;0
"US_AIA.csv";0;0;0;1;0;0;0;0;0;0;0;0;0;0;0;0;0
"US_AMCA.csv";0;0;0;0;0;0;0;0;0;0;0;0;0;0;0;0;0
"US_BKF.csv";0;0;0;0;0;0;0;0;0;0;0;0;0;0;0;0;0
"US_CNYA.csv";0;0;0;0;0;0;0;0;0;0;0;0;0;0;0;0;0
"US_CRBN.csv";1;0;1;0;1;1;1;1;1;0;0;1;1;1;1;1;1
"US_DGRO.csv";0;0;0;0;0;0;0;0;0;0;0;0;0;0;0;0;0
"US_DIVB.csv";0;0;0;0;0;0;0;0;0;0;0;0;0;0;0;0;0
"US_DSI.csv";0;0;0;0;0;0;1;0;0;0;0;0;0;0;0;0;0
"US_DVY.csv";0;0;0;0;0;0;0;0;0;0;0;0;0;0;0;0;0
"US_DVYA.csv";0;0;0;0;0;0;0;0;0;0;0;0;0;0;0;0;0
"US_DVYE.csv";0;0;0;0;0;0;0;1;0;0;0;0;0;0;0;0;0
"US_ECH.csv";0;0;0;0;0;0;0;0;0;0;0;0;0;0;0;0;0
"US_ECNS.csv";0;0;0;0;0;0;0;0;0;0;0;0;0;0;0;0;0
"US_EDEN.csv";0;0;0;0;0;0;0;0;0;0;0;0;0;0;0;0;0
"US_EEM.csv";1;0;0;0;0;0;0;1;0;0;0;0;0;0;0;0;0
"US_EEMA.csv";0;0;0;0;0;0;0;0;0;0;0;0;0;0;0;0;0
"US_EEMS.csv";0;0;0;0;0;0;0;0;0;0;0;0;0;0;0;0;0
"US_EEMV.csv";0;0;0;0;0;0;0;0;0;0;0;0;0;0;0;0;0
"US_EFA.csv";0;1;1;1;1;1;0;0;1;1;1;1;1;1;1;1;1
"US_EFAV.csv";0;0;1;0;1;0;0;0;1;1;0;0;0;1;1;0;1
"US_EFG.csv";0;0;0;0;0;1;0;0;0;0;0;0;1;0;0;1;0
"US_EFNL.csv";0;0;0;0;0;0;0;0;0;0;0;0;0;0;0;0;0
"US_EFV.csv";0;1;1;1;1;0;0;0;1;1;1;1;0;1;1;0;1
"US_EIDO.csv";0;0;0;0;0;0;0;0;0;0;0;0;0;0;0;0;0
"US_EIRL.csv";0;0;0;0;0;0;0;0;0;0;0;0;0;0;0;0;0
"US_EIS.csv";0;0;0;0;0;0;0;0;0;0;0;0;0;0;0;0;0
"US_EMGF.csv";0;0;0;0;0;0;0;0;0;0;0;0;0;0;0;0;0
"US_EMIF.csv";0;0;0;0;0;0;0;0;0;0;0;0;0;0;0;0;0
"US_EMXC.csv";1;0;0;0;0;0;0;1;0;0;0;0;0;0;0;0;0
"US_ENOR.csv";0;0;0;0;0;0;0;0;0;0;0;0;0;1;0;0;0
"US_ENZL.csv";0;0;0;0;0;0;0;0;0;0;0;0;0;0;0;0;0
"US_EPHE.csv";0;0;0;0;0;0;0;0;0;0;0;0;0;0;0;0;0
"US_EPOL.csv";0;0;0;0;0;0;0;0;0;0;0;0;0;0;0;0;0
"US_EPP.csv";0;0;0;1;0;0;0;0;0;0;0;0;0;0;0;0;0
"US_EPU.csv";0;0;0;0;0;0;0;0;0;0;0;0;0;0;0;0;0
"US_ERUS.csv";0;0;0;0;0;0;0;0;0;0;0;0;0;0;0;0;0
"US_ESGD.csv";0;1;1;0;1;1;0;0;1;0;0;1;1;1;1;1;1
"US_ESGE.csv";0;0;0;0;0;0;0;1;0;0;0;0;0;0;0;0;0
"US_ESGU.csv";0;0;0;0;0;0;0;0;0;0;0;0;0;0;0;0;0
"US_ESML.csv";0;0;0;0;0;0;0;0;0;0;0;0;0;0;0;0;0
"US_EUFN.csv";0;0;0;0;0;0;0;0;0;0;0;0;1;0;0;0;0
"US_EUMV.csv";0;0;1;0;1;1;0;0;1;1;0;0;0;1;1;0;1
"US_EUSA.csv";0;0;0;0;0;0;1;0;0;0;0;0;0;0;0;0;0
"US_EWA.csv";0;0;0;0;0;0;0;0;0;0;0;0;0;0;0;0;0
"US_EWC.csv";0;0;0;0;0;0;0;0;0;0;0;0;0;0;0;0;0
"US_EWD.csv";0;0;0;0;0;0;0;0;0;0;0;0;0;0;1;0;0
"US_EWG.csv";0;0;0;0;1;0;0;0;0;0;0;0;0;0;0;0;0
"US_EWGS.csv";0;0;0;0;0;0;0;0;0;0;0;0;0;0;0;0;0
"US_EWH.csv";0;0;0;1;0;0;0;0;0;0;0;0;0;0;0;0;0
"US_EWI.csv";0;0;0;0;0;0;0;0;0;0;1;0;0;0;0;0;0
"US_EWJ.csv";0;0;0;0;0;0;0;0;0;0;0;0;0;0;0;0;0
"US_EWJE.csv";0;0;0;0;0;0;0;0;0;0;0;0;0;0;0;0;0
"US_EWJV.csv";0;0;0;0;0;0;0;0;0;0;0;0;0;0;0;0;0
"US_EWK.csv";0;0;0;0;0;0;0;0;0;1;0;0;0;0;0;0;0
"US_EWL.csv";0;0;0;0;0;0;0;0;0;0;0;0;0;0;0;0;0
"US_EWM.csv";0;0;0;0;0;0;0;0;0;0;0;0;0;0;0;0;0
"US_EWN.csv";0;0;0;0;0;1;0;0;0;0;0;0;0;0;0;0;0
"US_EWO.csv";0;0;0;0;0;0;0;0;0;0;0;0;0;0;0;0;0
"US_EWP.csv";0;0;0;0;0;0;0;0;0;0;0;1;0;0;0;0;0
"US_EWQ.csv";0;1;0;0;0;0;0;0;1;0;0;0;0;0;0;1;0
"US_EWS.csv";0;0;0;0;0;0;0;0;0;0;0;0;0;0;0;0;0
"US_EWT.csv";0;0;0;0;0;0;0;0;0;0;0;0;0;0;0;0;0
"US_EWU.csv";0;0;1;0;0;0;0;0;0;0;0;0;1;0;0;0;1
"US_EWUS.csv";0;0;0;0;0;0;0;0;0;0;0;0;0;0;0;0;0
"US_EWW.csv";1;0;0;0;0;0;0;0;0;0;0;0;0;0;0;0;0
"US_EWY.csv";0;0;0;0;0;0;0;0;0;0;0;0;0;0;0;0;0
"US_EWZ.csv";0;0;0;0;0;0;0;0;0;0;0;0;0;0;0;0;0
"US_EWZS.csv";0;0;0;0;0;0;0;0;0;0;0;0;0;0;0;0;0
"US_EXI.csv";0;1;0;1;0;0;0;0;0;0;0;0;0;0;0;0;0
"US_EZA.csv";0;0;0;0;0;0;0;1;0;0;0;0;0;0;0;0;0
"US_EZU.csv";0;1;0;0;1;1;0;0;1;1;1;1;0;0;0;1;0
"US_FILL.csv";0;0;0;0;0;0;0;0;0;0;0;0;0;0;0;0;0
"US_FM.csv";0;0;0;0;0;0;0;0;0;0;0;0;0;0;0;0;0
"US_FOVL.csv";0;0;0;0;0;0;0;0;0;0;0;0;0;0;0;0;0
"US_FXI.csv";0;0;0;0;0;0;0;0;0;0;0;0;0;0;0;0;0
"US_HDV.csv";0;0;0;0;0;0;0;0;0;0;0;0;0;0;0;0;0
"US_IAI.csv";0;0;0;0;0;0;0;0;0;0;0;0;0;0;0;0;0
"US_IAK.csv";0;0;0;0;0;0;0;0;0;0;0;0;0;0;0;0;0
"US_IAT.csv";0;0;0;0;0;0;0;0;0;0;0;0;0;0;0;0;0
"US_IBB.csv";0;0;0;0;0;0;0;0;0;0;0;0;0;0;0;0;0
"US_ICLN.csv";0;0;0;0;0;0;0;0;0;0;0;0;0;0;0;0;0
"US_ICOL.csv";0;0;0;0;0;0;0;0;0;0;0;0;0;0;0;0;0
"US_IDEV.csv";0;1;1;1;1;1;0;0;1;1;1;1;1;1;1;1;1
"US_IDNA.csv";0;0;0;0;0;0;0;0;0;0;0;0;0;0;0;0;0
"US_IDRV.csv";0;0;0;0;0;0;0;0;0;0;0;0;0;0;0;0;0
"US_IDU.csv";0;0;0;0;0;0;0;0;0;0;0;0;0;0;0;0;0
"US_IDV.csv";0;1;1;0;0;0;0;0;1;1;0;1;0;0;1;0;1
"US_IEFA.csv";0;1;1;1;1;1;0;0;1;1;1;1;1;1;1;1;1
"US_IEMG.csv";1;0;0;0;0;0;0;1;0;0;0;0;0;0;0;0;0
"US_IEO.csv";0;0;0;0;0;0;0;0;0;0;0;0;0;0;0;0;0
"US_IEUR.csv";0;1;1;0;1;1;0;0;1;1;1;1;1;1;1;1;1
"US_IEUS.csv";0;0;0;0;0;0;0;0;0;0;0;0;0;0;0;0;0
"US_IEV.csv";0;1;1;0;1;1;0;0;1;1;1;1;1;1;1;1;1
"US_IEZ.csv";0;0;0;0;0;0;0;0;0;0;0;0;0;0;0;0;0
"US_IFRA.csv";0;0;0;0;0;0;0;0;0;0;0;0;0;0;0;0;0
"US_IGE.csv";0;0;0;0;0;0;0;0;0;0;0;0;0;0;0;0;0
"US_IGF.csv";0;0;0;0;0;0;0;0;0;0;0;0;0;0;0;0;0
"US_IGM.csv";0;0;0;0;0;0;0;0;0;0;0;0;0;0;0;0;0
"US_IGN.csv";0;0;0;0;0;0;0;0;0;0;0;0;0;0;0;0;0
"US_IGRO.csv";1;0;0;0;0;0;0;0;0;0;0;0;0;0;0;0;0
"US_IGV.csv";0;0;0;0;0;0;0;0;0;0;0;0;0;0;0;0;0
"US_IHAK.csv";0;0;0;0;0;0;0;0;0;0;0;0;0;0;0;0;0
"US_IHE.csv";0;0;0;0;0;0;0;0;0;0;0;0;0;0;0;0;0
"US_IHF.csv";0;0;0;0;0;0;0;0;0;0;0;0;0;0;0;0;0
"US_IHI.csv";0;0;0;0;0;0;0;0;0;0;0;0;0;0;0;0;0
"US_IJH.csv";0;0;0;0;0;0;0;0;0;0;0;0;0;0;0;0;0
"US_IJJ.csv";0;0;0;0;0;0;0;0;0;0;0;0;0;0;0;0;0
"US_IJK.csv";0;0;0;0;0;0;0;0;0;0;0;0;0;0;0;0;0
"US_IJR.csv";0;0;0;0;0;0;0;0;0;0;0;0;0;0;0;0;0
"US_IJS.csv";0;0;0;0;0;0;0;0;0;0;0;0;0;0;0;0;0
"US_IJT.csv";0;0;0;0;0;0;0;0;0;0;0;0;0;0;0;0;0
"US_ILF.csv";1;0;0;0;0;0;0;0;0;0;0;0;0;0;0;0;0
"US_IMTM.csv";0;0;0;0;0;0;0;0;0;0;0;0;1;0;0;1;0
"US_INDA.csv";0;0;0;0;0;0;0;0;0;0;0;0;0;0;0;0;0
"US_INDY.csv";0;0;0;0;0;0;0;0;0;0;0;0;0;0;0;0;0
"US_INTF.csv";0;0;0;0;0;0;0;0;0;1;0;0;0;0;0;0;0
"US_IOO.csv";0;0;0;0;1;0;0;0;1;0;0;1;0;0;0;1;1
"US_IPAC.csv";0;0;0;1;0;0;0;0;0;0;0;0;0;0;0;0;0
"US_IPFF.csv";0;0;0;0;0;0;0;0;0;0;0;0;0;0;0;0;0
"US_IQLT.csv";0;0;1;0;0;0;0;0;0;1;0;0;1;0;0;0;0
"US_IRBO.csv";0;0;0;0;0;0;0;0;0;0;0;0;0;0;0;1;0
"US_ISCF.csv";0;0;0;0;0;0;0;0;0;0;0;0;0;0;0;0;0
"US_ISZE.csv";0;1;1;0;1;1;0;0;1;1;1;1;1;1;1;1;1
"US_ITA.csv";0;0;0;0;0;0;0;0;0;0;0;0;0;0;0;0;0
"US_ITB.csv";0;0;0;0;0;0;0;0;0;0;0;0;0;0;0;0;0
"US_ITOT.csv";0;0;0;0;0;0;1;0;0;0;0;0;0;0;0;0;0
"US_IUSG.csv";0;0;0;0;0;0;0;0;0;0;0;0;0;0;0;0;0
"US_IUSV.csv";0;0;0;0;0;0;0;0;0;0;0;0;0;0;0;0;0
"US_IVE.csv";0;0;0;0;0;0;0;0;0;0;0;0;0;0;0;0;0
"US_IVLU.csv";0;1;1;1;0;0;0;0;1;0;1;1;0;0;1;0;1
"US_IVV.csv";0;0;0;0;0;0;0;0;0;0;0;0;0;0;0;0;0
"US_IVW.csv";0;0;0;0;0;0;0;0;0;0;0;0;0;0;0;0;0
"US_IWB.csv";0;0;0;0;0;0;0;0;0;0;0;0;0;0;0;0;0
"US_IWC.csv";0;0;0;0;0;0;0;0;0;0;0;0;0;0;0;0;0
"US_IWD.csv";0;0;0;0;0;0;0;0;0;0;0;0;0;0;0;0;0
"US_IWF.csv";0;0;0;0;0;0;0;0;0;0;0;0;0;0;0;0;0
"US_IWL.csv";0;0;0;0;0;0;0;0;0;0;0;0;0;0;0;0;0
"US_IWM.csv";0;0;0;0;0;0;0;0;0;0;0;0;0;0;0;0;0
"US_IWN.csv";0;0;0;0;0;0;0;0;0;0;0;0;0;0;0;0;0
"US_IWO.csv";0;0;0;0;0;0;0;0;0;0;0;0;0;0;0;0;0
"US_IWP.csv";0;0;0;0;0;0;0;0;0;0;0;0;0;0;0;0;0
"US_IWR.csv";0;0;0;0;0;0;0;0;0;0;0;0;0;0;0;0;0
"US_IWS.csv";0;0;0;0;0;0;0;0;0;0;0;0;0;0;0;0;0
"US_IWV.csv";0;0;0;0;0;0;0;0;0;0;0;0;0;0;0;0;0
"US_IWX.csv";0;0;0;0;0;0;0;0;0;0;0;0;0;0;0;0;0
"US_IWY.csv";0;0;0;0;0;0;0;0;0;0;0;0;0;0;0;0;0
"US_IXC.csv";0;0;0;0;0;0;0;0;0;0;0;0;0;0;0;0;0
"US_IXG.csv";0;0;0;0;0;0;0;0;0;0;0;0;1;0;0;0;0
"US_IXJ.csv";0;0;0;0;0;0;0;0;0;0;0;0;0;0;0;0;0
"US_IXN.csv";0;0;0;0;0;0;0;0;0;0;0;0;0;0;0;0;0
"US_IXP.csv";1;0;1;0;1;1;0;0;1;1;1;1;0;1;1;1;1
"US_IXUS.csv";1;1;1;1;1;1;0;1;1;1;1;1;1;1;1;1;1
"US_IYC.csv";0;0;0;0;0;0;1;0;0;0;0;0;0;0;0;0;0
"US_IYE.csv";0;0;0;0;0;0;0;0;0;0;0;0;0;0;0;0;0
"US_IYF.csv";0;0;0;0;0;0;0;0;0;0;0;0;0;0;0;0;0
"US_IYG.csv";0;0;0;0;0;0;0;0;0;0;0;0;0;0;0;0;0
"US_IYH.csv";0;0;0;0;0;0;0;0;0;0;0;0;0;0;0;0;0
"US_IYJ.csv";0;0;0;0;0;0;0;0;0;0;0;0;0;0;0;0;0
"US_IYK.csv";0;0;0;0;0;0;0;0;0;0;0;0;0;0;0;0;0
"US_IYM.csv";0;0;0;0;0;0;0;0;0;0;0;0;0;0;0;0;0
"US_IYT.csv";0;0;0;0;0;0;0;0;0;0;0;0;0;0;0;0;0
"US_IYW.csv";0;0;0;0;0;0;0;0;0;0;0;0;0;0;0;0;0
"US_IYY.csv";0;0;0;0;0;0;1;0;0;0;0;0;0;0;0;0;0
"US_IYZ.csv";0;0;0;0;0;0;0;0;0;0;0;0;0;0;0;0;0
"US_JKD.csv";0;0;0;0;0;0;0;0;0;0;0;0;0;0;0;0;0
"US_JKE.csv";0;0;0;0;0;0;0;0;0;0;0;0;0;0;0;0;0
"US_JKF.csv";0;0;0;0;0;0;0;0;0;0;0;0;0;0;0;0;0
"US_JKG.csv";0;0;0;0;0;0;0;0;0;0;0;0;0;0;0;0;0
"US_JKH.csv";0;0;0;0;0;0;0;0;0;0;0;0;0;0;0;0;0
"US_JKI.csv";0;0;0;0;0;0;0;0;0;0;0;0;0;0;0;0;0
"US_JKJ.csv";0;0;0;0;0;0;0;0;0;0;0;0;0;0;0;0;0
"US_JKK.csv";0;0;0;0;0;0;0;0;0;0;0;0;0;0;0;0;0
"US_JKL.csv";0;0;0;0;0;0;0;0;0;0;0;0;0;0;0;0;0
"US_JPMV.csv";0;0;0;0;0;0;0;0;0;0;0;0;0;0;0;0;0
"US_JPXN.csv";0;0;0;0;0;0;0;0;0;0;0;0;0;0;0;0;0
"US_JXI.csv";0;0;0;0;0;0;0;0;0;0;0;0;0;0;0;0;0
"US_KSA.csv";0;0;0;0;0;0;0;0;0;0;0;0;0;0;0;0;0
"US_KXI.csv";0;0;0;0;0;0;0;0;0;0;0;0;0;0;0;0;0
"US_LRGF.csv";0;0;0;0;0;0;0;0;0;0;0;0;0;0;0;0;0
"US_MCHI.csv";0;0;0;0;0;0;0;0;0;0;0;0;0;0;0;0;0
"US_MIDF.csv";0;0;0;0;0;0;0;0;0;0;0;0;0;0;0;0;0
"US_MTUM.csv";0;0;0;0;0;0;0;0;0;0;0;0;0;0;0;0;0
"US_MXI.csv";0;0;0;0;0;0;0;0;0;0;0;0;0;0;0;0;0
"US_OEF.csv";0;0;0;0;0;0;0;0;0;0;0;0;0;0;0;0;0
"US_PFF.csv";0;0;0;0;0;0;0;0;0;0;0;0;0;0;0;0;0
"US_PICK.csv";0;0;0;0;0;0;0;0;0;0;0;0;0;0;0;0;0
"US_QAT.csv";0;0;0;0;0;0;0;0;0;0;0;0;0;0;0;0;0
"US_QUAL.csv";0;0;0;0;0;0;0;0;0;0;0;0;0;0;0;0;0
"US_RING.csv";0;0;0;0;0;0;0;0;0;0;0;0;0;0;0;0;0
"US_RXI.csv";0;0;0;0;0;0;0;0;0;0;0;0;0;0;0;0;0
"US_SCJ.csv";0;0;0;0;0;0;0;0;0;0;0;0;0;0;0;0;0
"US_SCZ.csv";0;0;0;0;0;0;0;0;0;0;0;0;0;0;0;0;0
"US_SDG.csv";0;0;0;0;0;0;0;0;0;0;0;0;0;0;0;0;0
"US_SIZE.csv";0;0;0;0;0;0;1;0;0;0;0;0;0;0;0;0;0
"US_SLVP.csv";0;0;0;0;0;0;0;0;0;0;0;0;0;0;0;0;0
"US_SMIN.csv";0;0;0;0;0;0;0;0;0;0;0;0;0;0;0;0;0
"US_SMLF.csv";0;0;0;0;0;0;0;0;0;0;0;0;0;0;0;0;0
"US_SMMD.csv";0;0;0;0;0;0;0;0;0;0;0;0;0;0;0;0;0
"US_SMMV.csv";0;0;0;0;0;0;0;0;0;0;0;0;0;0;0;0;0
"US_SOXX.csv";0;0;0;0;0;0;0;0;0;0;0;0;0;0;0;0;0
"US_SUSA.csv";0;0;0;0;0;0;1;0;0;0;0;0;0;0;0;0;0
"US_SUSL.csv";0;0;0;0;0;0;1;0;0;0;0;0;0;0;0;0;0
"US_THD.csv";0;0;0;0;0;0;0;0;0;0;0;0;0;0;0;0;0
"US_TOK.csv";0;1;1;1;1;1;1;0;1;1;1;1;1;1;1;1;1
"US_TUR.csv";0;0;0;0;0;0;0;0;0;0;0;0;0;0;0;0;0
"US_UAE.csv";0;0;0;0;0;0;0;0;0;0;0;0;0;0;0;0;0
"US_URTH.csv";0;1;1;1;1;1;0;0;1;1;1;1;1;1;1;1;1
"US_USMV.csv";0;0;0;0;0;0;0;0;0;0;0;0;0;0;0;0;0
"US_VEGI.csv";0;0;0;0;0;0;0;0;0;0;0;0;0;0;0;0;0
"US_VLUE.csv";0;0;0;0;0;0;0;0;0;0;0;0;0;0;0;0;0
"US_WOOD.csv";0;0;0;0;0;0;0;0;0;0;0;0;0;0;0;0;0
"US_XT.csv";0;1;1;0;1;1;0;0;1;1;1;1;1;1;1;0;1
